{
  "hash": "189a08e8",
  "configHash": "bce0ee01",
  "lockfileHash": "6c288f91",
  "browserHash": "e8d764ef",
  "optimized": {
    "@angular/core": {
      "src": "../../../../../../node_modules/@angular/core/fesm2022/core.mjs",
      "file": "@angular_core.js",
      "fileHash": "ff903822",
      "needsInterop": false
    },
    "@angular/platform-browser": {
      "src": "../../../../../../node_modules/@angular/platform-browser/fesm2022/platform-browser.mjs",
      "file": "@angular_platform-browser.js",
      "fileHash": "7aa7a38e",
      "needsInterop": false
    },
    "@angular/router": {
      "src": "../../../../../../node_modules/@angular/router/fesm2022/router.mjs",
      "file": "@angular_router.js",
      "fileHash": "36dd91c1",
      "needsInterop": false
    },
    "@angular/common": {
      "src": "../../../../../../node_modules/@angular/common/fesm2022/common.mjs",
      "file": "@angular_common.js",
      "fileHash": "8c922d05",
      "needsInterop": false
    },
    "@angular/forms": {
      "src": "../../../../../../node_modules/@angular/forms/fesm2022/forms.mjs",
      "file": "@angular_forms.js",
      "fileHash": "ddbd46ec",
      "needsInterop": false
    },
    "rxjs": {
      "src": "../../../../../../node_modules/rxjs/dist/esm5/index.js",
      "file": "rxjs.js",
      "fileHash": "0702eff2",
      "needsInterop": false
    },
    "@angular/common/http": {
      "src": "../../../../../../node_modules/@angular/common/fesm2022/http.mjs",
      "file": "@angular_common_http.js",
      "fileHash": "04761332",
      "needsInterop": false
    }
  },
  "chunks": {
    "chunk-X2QIT75K": {
      "file": "chunk-X2QIT75K.js"
    },
    "chunk-32QDHNG6": {
      "file": "chunk-32QDHNG6.js"
    },
    "chunk-QZ7IXYT5": {
      "file": "chunk-QZ7IXYT5.js"
    },
    "chunk-OPGNYZHR": {
      "file": "chunk-OPGNYZHR.js"
    },
    "chunk-L7AQJQLR": {
      "file": "chunk-L7AQJQLR.js"
    },
    "chunk-SESUV4G6": {
      "file": "chunk-SESUV4G6.js"
    }
  }
}